,City,City ID,Cloudiness,Country,Date,Humidity,Lat,Lng,Max Temp,Wind Speeds
0,nikolskoye,1337619,40,RU,1592239716,50,59.7,30.79,78.01,8.95
1,busselton,1337619,100,AU,1592239717,77,-33.65,115.33,57.00,5.55
2,ilulissat,1337619,75,GL,1592239717,86,69.22,-51.1,37.40,4.70
3,riyadh,1337619,22,SA,1592239623,16,24.69,46.72,102.20,2.24
4,villa sandino,1337619,50,NI,1592239717,74,12.05,-84.99,83.32,9.33
5,kodiak,1337619,1,US,1592239594,81,57.79,-152.41,50.00,4.94
6,lagoa nova,1337619,3,BR,1592239718,49,-6.1,-36.48,84.11,10.78
7,kattivakkam,1337619,40,IN,1592239695,70,13.22,80.32,89.60,12.75
8,farmington,1337619,1,US,1592239718,15,36.73,-108.22,75.20,8.05
9,soc trang,1337619,75,VN,1592239719,100,9.6,105.98,78.80,1.68
10,east london,1337619,62,ZA,1592239574,74,-33.02,27.91,62.13,8.84
11,nago,1337619,1,JP,1592239719,83,26.59,127.98,82.40,10.29
12,teguise,1337619,50,ES,1592239719,69,29.06,-13.56,77.00,8.05
13,mataura,1337619,2,NZ,1592239719,90,-46.19,168.86,43.18,3.42
14,kavieng,1337619,100,PG,1592239720,78,-2.57,150.8,82.08,10.42
15,castro,1337619,90,BR,1592239720,80,-24.79,-50.01,62.10,8.99
16,tres lagoas,1337619,0,BR,1592239463,40,-20.75,-51.68,83.73,10.69
17,qaanaaq,1337619,72,GL,1592239720,84,77.48,-69.36,35.62,5.91
18,vardo,1337619,40,NO,1592239721,57,70.37,31.11,48.20,29.97
19,bredasdorp,1337619,17,ZA,1592239721,87,-34.53,20.04,55.40,5.93
20,hobart,1337619,90,AU,1592239581,50,-42.88,147.33,55.99,8.05
21,havre-saint-pierre,1337619,1,CA,1592239721,41,50.23,-63.6,59.00,18.34
22,andros town,1337619,75,BS,1592239509,66,24.7,-77.77,84.20,6.93
23,nanortalik,1337619,79,GL,1592239722,74,60.14,-45.24,40.57,6.55
24,carballo,1337619,98,ES,1592239722,61,43.21,-8.69,66.00,7.00
25,evensk,1337619,0,RU,1592239723,64,61.95,159.23,50.45,1.07
26,sibolga,1337619,100,ID,1592239691,77,1.74,98.78,79.99,2.73
27,yellowknife,1337619,75,CA,1592239585,62,62.46,-114.35,57.20,25.28
28,new norfolk,1337619,99,AU,1592239723,80,-42.78,147.06,55.99,1.99
29,san carlos de bariloche,1337619,100,AR,1592239724,52,-41.15,-71.31,41.00,10.29
30,angola,1337619,0,AO,1592239724,48,-12.5,18.5,62.11,3.40
31,port lincoln,1337619,100,AU,1592239724,82,-34.73,135.87,59.11,13.71
32,tuatapere,1337619,35,NZ,1592239724,88,-46.13,167.68,49.69,4.29
33,punta arenas,1337619,40,CL,1592239724,86,-53.15,-70.92,39.20,4.70
34,vaini,1337619,20,TO,1592239725,68,-21.2,-175.2,69.80,12.75
35,saldanha,1337619,0,ZA,1592239725,67,-33.01,17.94,60.80,3.36
36,gornopravdinsk,1337619,48,RU,1592239725,69,60.05,69.9,52.65,5.39
37,portland,1337619,90,US,1592239234,87,45.52,-122.68,59.00,6.93
38,khani,1337619,40,GE,1592239726,48,41.96,42.96,87.80,1.12
39,lebu,1337619,100,CL,1592239581,76,-37.62,-73.65,54.03,27.02
40,sisimiut,1337619,100,GL,1592239726,77,66.94,-53.67,38.19,7.40
41,itarema,1337619,3,BR,1592239440,67,-2.92,-39.92,85.66,10.51
42,mahajanga,1337619,40,MG,1592239435,69,-15.72,46.32,78.80,6.93
43,smoky lake,1337619,100,CA,1592239727,81,54.12,-112.47,57.00,3.00
44,hilo,1337619,75,US,1592239582,83,19.73,-155.09,69.80,5.82
45,butaritari,1337619,21,KI,1592239727,73,3.07,172.79,83.12,7.70
46,jamestown,1337619,90,US,1592239483,55,42.1,-79.24,66.00,5.53
47,felanitx,1337619,20,ES,1592239729,73,39.47,3.15,82.00,12.75
48,hargeysa,1337619,79,SO,1592239729,60,9.56,44.06,74.73,19.42
49,kalmunai,1337619,83,LK,1592239730,74,7.42,81.82,84.65,3.38
50,lakes entrance,1337619,74,AU,1592239730,62,-37.88,147.98,57.16,9.66
51,codrington,1337619,100,AU,1592239730,87,-38.27,141.97,52.83,13.11
52,hithadhoo,1337619,95,MV,1592239731,75,-0.6,73.08,85.01,14.16
53,rikitea,1337619,61,PF,1592239731,82,-23.12,-134.97,75.60,14.18
54,airai,1337619,20,TL,1592239731,100,-8.93,125.41,58.57,4.03
55,mancio lima,1337619,47,BR,1592239731,55,-7.61,-72.9,86.50,4.92
56,bambous virieux,1337619,75,MU,1592239732,68,-20.34,57.76,71.60,13.87
57,yiyang,1337619,99,CN,1592239732,81,28.59,112.33,80.13,8.46
58,kenai,1337619,40,US,1592239732,66,60.55,-151.26,55.99,12.75
59,los llanos de aridane,1337619,40,ES,1592239733,57,28.66,-17.92,80.60,4.70
60,pisco,1337619,75,PE,1592239617,72,-13.7,-76.22,66.20,8.05
61,suoyarvi,1337619,0,RU,1592239733,49,62.08,32.35,68.61,3.67
62,ushuaia,1337619,75,AR,1592239468,80,-54.8,-68.3,39.20,8.05
63,upernavik,1337619,100,GL,1592239734,88,72.79,-56.15,34.54,2.15
64,vila velha,1337619,75,BR,1592239734,74,-20.33,-40.29,78.80,8.05
65,kropotkin,1337619,75,RU,1592239734,89,45.44,40.58,66.99,9.75
66,gat,1337619,0,IL,1592239734,37,31.61,34.76,78.01,9.84
67,aitape,1337619,98,PG,1592239734,84,-3.14,142.35,78.08,3.91
68,phalaborwa,1337619,0,ZA,1592239735,27,-23.94,31.14,64.40,6.93
69,merauke,1337619,54,ID,1592239735,84,-8.47,140.33,78.10,16.60
70,cape town,1337619,20,ZA,1592239618,72,-33.93,18.42,59.00,6.93
71,chicama,1337619,28,PE,1592239735,58,-7.84,-79.15,73.71,9.17
72,svetlaya,1337619,100,RU,1592239736,90,46.54,138.33,48.34,11.48
73,saint-augustin,1337619,26,CA,1592239736,40,51.23,-58.65,60.75,16.71
74,hamilton,1337619,75,US,1592239559,64,39.18,-84.53,73.99,5.53
75,lagoa,1337619,92,PT,1592239737,86,39.05,-27.98,63.82,25.59
76,georgetown,1337619,40,MY,1592239738,88,5.41,100.34,84.20,4.70
77,nurma,1337619,40,RU,1592239738,50,59.55,31.02,78.01,8.95
78,sadiqabad,1337619,0,PK,1592239738,9,28.31,70.13,107.11,11.14
79,lufilufi,1337619,84,WS,1592239739,79,-13.87,-171.6,81.14,22.03
80,port alfred,1337619,65,ZA,1592239739,91,-33.59,26.89,59.00,3.00
81,mudgee,1337619,75,AU,1592239739,93,-32.59,149.59,37.40,2.24
82,vila franca do campo,1337619,40,PT,1592239740,72,37.72,-25.43,64.40,11.41
83,narsaq,1337619,75,GL,1592239740,52,60.92,-46.05,44.60,8.05
84,tura,1337619,100,IN,1592239502,96,25.52,90.22,76.23,5.19
85,ribeira grande,1337619,40,PT,1592239740,68,38.52,-28.7,68.00,16.11
86,marzuq,1337619,95,YE,1592239741,19,14.4,46.47,90.10,2.24
87,zhigansk,1337619,89,RU,1592239592,53,66.77,123.37,57.88,22.35
88,hermanus,1337619,60,ZA,1592239602,85,-34.42,19.23,55.99,13.27
89,bluff,1337619,23,NZ,1592239741,89,-46.6,168.33,49.55,9.42
90,severo-kurilsk,1337619,100,RU,1592239639,92,50.68,156.12,40.91,14.32
91,sitka,1337619,75,US,1592239742,87,57.05,-135.33,50.00,4.70
92,kudahuvadhoo,1337619,96,MV,1592239742,78,2.67,72.89,84.11,15.50
93,wanaka,1337619,41,NZ,1592239742,78,-44.7,169.15,45.91,4.27
94,puerto ayora,1337619,40,EC,1592239581,73,-0.74,-90.35,77.00,14.99
95,buta,1337619,96,CD,1592239743,85,2.79,24.73,75.16,2.48
96,mananjary,1337619,27,MG,1592239743,92,-21.22,48.33,64.09,6.80
97,matay,1337619,0,EG,1592239744,20,28.42,30.78,88.21,10.69
98,port hardy,1337619,90,CA,1592239634,87,50.7,-127.42,51.80,11.41
99,comodoro rivadavia,1337619,100,AR,1592239744,81,-45.87,-67.5,48.20,4.56
100,juneau,1337619,90,US,1592239515,87,58.3,-134.42,55.00,4.70
101,grindavik,1337619,40,IS,1592239745,66,63.84,-22.43,50.00,17.22
102,harwich,1337619,1,GB,1592239706,72,51.94,1.28,73.00,5.99
103,cidreira,1337619,22,BR,1592239745,77,-30.18,-50.21,61.29,15.43
104,ixtapa,1337619,5,MX,1592239746,69,20.7,-105.2,84.00,5.82
105,bandarbeyla,1337619,51,SO,1592239746,56,9.49,50.81,85.55,21.18
106,ravar,1337619,0,IR,1592239746,10,31.27,56.81,91.00,8.68
107,lichinga,1337619,75,MZ,1592239746,63,-13.31,35.24,62.60,6.93
108,altay,1337619,24,CN,1592239746,57,47.87,88.12,61.18,3.62
109,constitucion,1337619,100,CL,1592239747,83,-35.33,-72.42,55.26,23.85
110,jining,1337619,100,CN,1592239747,53,35.41,116.58,81.43,11.56
111,thompson,1337619,40,CA,1592239747,53,55.74,-97.86,71.60,4.70
112,carnarvon,1337619,0,AU,1592239748,26,-24.87,113.63,67.21,17.31
113,camargo,1337619,1,MX,1592239748,20,27.67,-105.17,83.88,7.63
114,mount isa,1337619,0,AU,1592239612,34,-20.73,139.5,62.60,14.99
115,muros,1337619,100,ES,1592239748,68,42.78,-9.06,64.99,13.00
116,leningradskiy,1337619,0,RU,1592239749,86,69.38,178.42,42.58,2.06
117,saint george,1337619,1,US,1592239463,17,37.1,-113.58,82.00,4.70
118,bougouni,1337619,11,ML,1592239749,25,11.42,-7.48,101.17,8.61
119,kaitangata,1337619,0,NZ,1592239655,76,-46.28,169.85,45.00,4.00
120,benghazi,1337619,0,LY,1592239750,64,32.12,20.07,76.48,22.64
121,kapaa,1337619,20,US,1592239750,83,22.08,-159.32,75.20,13.87
122,mayo,1337619,1,US,1592239532,56,38.89,-76.51,75.00,11.41
123,iskilip,1337619,87,TR,1592239750,87,40.74,34.47,58.03,2.15
124,san patricio,1337619,5,MX,1592239751,66,19.22,-104.7,87.80,5.82
125,cherskiy,1337619,100,RU,1592239751,49,68.75,161.3,65.17,3.78
126,sredniy ikorets,1337619,73,RU,1592239752,83,51.07,39.76,67.91,8.03
127,oktyabrskiy,1337619,60,RU,1592239752,83,54.48,53.47,57.85,3.85
128,karachi,1337619,40,PK,1592239555,70,24.91,67.08,87.80,13.87
129,tres arroyos,1337619,71,AR,1592239752,36,-38.37,-60.28,57.04,12.30
130,mahebourg,1337619,75,MU,1592239753,68,-20.41,57.7,71.60,13.87
131,esperance,1337619,90,AU,1592239753,93,-33.87,121.9,48.20,8.05
132,port hedland,1337619,7,AU,1592239753,45,-20.32,118.57,64.40,8.05
133,chokurdakh,1337619,16,RU,1592239753,53,70.63,147.92,65.55,3.69
134,xifeng,1337619,0,CN,1592239753,80,42.74,124.72,56.64,3.78
135,san-pedro,1337619,100,CI,1592239754,87,4.75,-6.64,79.43,7.40
136,byron bay,1337619,75,AU,1592239623,93,-28.65,153.62,57.20,1.12
137,marsa matruh,1337619,0,EG,1592239754,65,31.35,27.25,77.00,6.93
138,phek,1337619,100,IN,1592239755,100,25.67,94.5,64.09,1.90
139,margate,1337619,0,GB,1592239704,57,51.38,1.39,73.00,4.00
140,rawson,1337619,100,AR,1592239755,48,-43.3,-65.1,54.59,19.71
141,zavetnoye,1337619,96,RU,1592239755,30,47.12,43.89,78.93,15.01
142,clyde river,1337619,40,CA,1592239756,93,70.47,-68.59,32.00,24.16
143,roald,1337619,0,NO,1592239756,82,62.58,6.13,64.00,6.93
144,kargasok,1337619,20,RU,1592239756,80,59.06,80.86,42.33,7.25
145,kaseda,1337619,90,JP,1592239756,83,31.42,130.32,75.20,13.87
146,ponta do sol,1337619,40,PT,1592239756,83,32.67,-17.1,71.60,11.41
147,bethel,1337619,19,US,1592239757,47,41.37,-73.41,73.00,1.99
148,kieta,1337619,97,PG,1592239757,77,-6.22,155.63,79.68,1.70
149,moose factory,1337619,40,CA,1592239757,37,51.26,-80.61,69.80,12.75
150,tuktoyaktuk,1337619,75,CA,1592239757,51,69.45,-133.04,59.00,9.17
151,quesnel,1337619,75,CA,1592239493,58,53.0,-122.5,55.40,5.82
152,flinders,1337619,0,AU,1592239758,66,-34.58,150.86,61.00,11.01
153,egvekinot,1337619,11,RU,1592239758,79,66.32,-179.17,44.98,1.45
154,necochea,1337619,83,AR,1592239747,52,-38.55,-58.74,55.99,11.01
155,tommot,1337619,0,RU,1592239759,86,58.96,126.29,46.58,1.95
156,yarmouth,1337619,90,US,1592239759,72,41.71,-70.23,64.40,14.99
157,pemangkat,1337619,87,ID,1592239759,87,1.17,108.97,79.23,5.53
158,badiraguato,1337619,7,MX,1592239564,33,25.37,-107.52,91.00,5.01
159,tiksi,1337619,100,RU,1592239760,60,71.69,128.87,52.07,11.39
160,camacha,1337619,40,PT,1592239760,78,33.08,-16.33,71.60,10.29
161,puerto carreno,1337619,75,CO,1592239760,69,6.19,-67.49,80.60,3.36
162,ponta delgada,1337619,40,PT,1592239671,72,37.73,-25.67,64.40,11.41
163,atuona,1337619,43,PF,1592239760,76,-9.8,-139.03,79.79,13.15
164,arraial do cabo,1337619,40,BR,1592239761,69,-22.97,-42.03,75.20,9.17
165,port elizabeth,1337619,16,ZA,1592239696,93,-33.92,25.57,55.40,9.17
166,mana,1337619,100,GF,1592239761,77,5.66,-53.78,82.54,5.79
167,iralaya,1337619,90,HN,1592239762,83,15.0,-83.23,80.60,6.93
168,loukhi,1337619,100,RU,1592239763,63,66.08,33.04,64.62,3.94
169,maceio,1337619,75,BR,1592239512,94,-9.67,-35.74,73.40,4.70
170,mafinga,1337619,0,TZ,1592239763,39,-7.25,35.07,69.84,4.99
171,launceston,1337619,90,AU,1592239764,87,-41.45,147.17,53.01,18.34
172,inta,1337619,98,RU,1592239764,51,66.03,60.17,66.52,17.36
173,victoria,1337619,43,HK,1592239764,70,22.29,114.16,84.00,5.01
174,lavrentiya,1337619,71,RU,1592239764,64,65.58,-171.0,47.82,2.91
175,tessalit,1337619,0,ML,1592239765,6,20.2,1.01,110.35,15.77
176,albany,1337619,14,US,1592239466,37,42.6,-73.97,73.99,3.02
177,avarua,1337619,75,CK,1592239765,68,-21.21,-159.78,69.80,11.41
178,moree,1337619,0,AU,1592239765,93,-29.47,149.85,41.00,3.36
179,harrison,1337619,1,US,1592239766,48,30.41,-89.04,90.00,9.17
180,manaure,1337619,82,CO,1592239766,59,11.78,-72.44,89.73,18.03
181,khatanga,1337619,100,RU,1592239766,77,71.97,102.5,45.77,20.27
182,cabo san lucas,1337619,5,MX,1592239591,51,22.89,-109.91,87.80,2.24
183,zelenoborskiy,1337619,99,RU,1592239767,89,66.84,32.36,55.98,6.29
184,dalhousie,1337619,1,IN,1592239767,27,32.53,75.98,69.96,8.28
185,touros,1337619,40,BR,1592239767,62,-5.2,-35.46,86.00,10.29
186,rochegda,1337619,75,RU,1592239767,58,62.8,43.25,70.54,5.48
187,kamenka,1337619,1,RU,1592239768,83,51.32,42.77,63.86,10.20
188,mar del plata,1337619,55,AR,1592239768,58,-38.0,-57.56,57.99,8.05
189,hanstholm,1337619,0,DK,1592239768,58,57.12,8.62,73.00,3.00
190,roebourne,1337619,0,AU,1592239768,38,-20.78,117.13,71.76,13.80
191,barrow,1337619,1,US,1592239768,71,71.29,-156.79,37.40,10.29
192,imbituba,1337619,75,BR,1592239769,63,-28.24,-48.67,66.20,11.41
193,guilin,1337619,40,CN,1592239769,100,25.28,110.29,75.20,4.47
194,lander,1337619,1,US,1592239769,25,42.83,-108.73,66.20,8.05
195,borborema,1337619,0,BR,1592239770,53,-21.62,-49.07,78.57,8.86
196,sao joao da barra,1337619,90,BR,1592239770,73,-21.64,-41.05,75.20,13.87
197,abai,1337619,0,PY,1592239770,63,-26.03,-55.93,77.56,7.31
198,pevek,1337619,0,RU,1592239614,85,69.7,170.31,38.84,2.33
199,sarh,1337619,84,TD,1592239771,52,9.14,18.39,89.60,8.05
200,dikson,1337619,98,RU,1592239771,91,73.51,80.55,33.91,17.16
201,negara,1337619,52,ID,1592239771,87,-8.32,114.6,76.73,6.55
202,valleyview,1337619,99,CA,1592239771,58,55.07,-117.29,53.92,13.96
203,ahipara,1337619,100,NZ,1592239762,86,-35.17,173.17,55.87,9.17
204,dorado,1337619,40,PR,1592239772,66,18.46,-66.27,89.60,13.87
205,thunder bay,1337619,40,CA,1592239772,45,48.4,-89.32,64.40,10.29
206,saint-philippe,1337619,48,RE,1592239772,78,-21.36,55.77,71.60,12.75
207,raahe,1337619,100,FI,1592239773,63,64.68,24.48,66.20,6.93
208,zhezkazgan,1337619,0,KZ,1592239773,49,47.8,67.71,56.97,27.42
209,porteirinha,1337619,57,BR,1592239773,59,-15.74,-43.03,73.53,11.25
210,chuy,1337619,93,UY,1592239773,66,-33.7,-53.46,58.35,10.25
211,smithers,1337619,75,CA,1592239560,62,54.78,-127.17,51.80,3.42
212,ust-nera,1337619,3,RU,1592239760,68,64.57,143.2,53.67,2.30
213,fortuna,1337619,75,US,1592239774,93,40.6,-124.16,60.01,3.36
214,tasiilaq,1337619,75,GL,1592239774,70,65.61,-37.64,44.60,5.82
215,orlik,1337619,64,RU,1592239774,82,52.52,99.83,49.14,2.15
216,balabac,1337619,100,PH,1592239775,77,7.99,117.06,83.44,11.81
217,shu,1337619,1,KZ,1592239773,34,43.6,73.76,76.32,16.40
218,lompoc,1337619,0,US,1592239536,77,34.64,-120.46,68.00,5.82
219,hailar,1337619,18,CN,1592239776,47,49.2,119.7,61.00,6.08
220,okhotsk,1337619,1,RU,1592239777,82,59.38,143.3,44.55,5.66
221,norman wells,1337619,75,CA,1592239777,38,65.28,-126.83,60.80,12.75
222,rio gallegos,1337619,100,AR,1592239777,86,-51.62,-69.22,33.80,4.70
223,boda,1337619,68,CF,1592239778,86,4.32,17.47,75.13,1.19
224,kahului,1337619,20,US,1592239778,69,20.89,-156.47,75.20,12.75
225,bilma,1337619,0,NE,1592239778,7,18.69,12.92,107.64,10.56
226,cedartown,1337619,18,US,1592239691,61,34.05,-85.25,84.00,6.82
227,warmbad,1337619,0,NA,1592239779,33,-28.45,18.73,52.77,8.46
228,bairiki,1337619,20,KI,1592239779,88,1.33,172.98,78.80,6.11
229,krasnovka,1337619,98,RU,1592239779,55,48.82,40.09,71.78,13.56
230,tual,1337619,93,ID,1592239779,83,-5.67,132.75,81.05,23.91
231,kisangani,1337619,97,CD,1592239780,76,0.52,25.2,76.62,2.15
232,jerantut,1337619,98,MY,1592239780,89,3.94,102.36,76.73,0.34
233,coahuayana,1337619,5,MX,1592239780,78,18.73,-103.68,78.80,5.66
234,salalah,1337619,75,OM,1592239780,89,17.02,54.09,86.00,4.70
235,erdaojiang,1337619,4,CN,1592239781,85,41.78,126.03,53.67,1.48
236,cloquet,1337619,1,US,1592239757,45,46.72,-92.46,66.20,10.29
237,taltal,1337619,68,CL,1592239654,69,-25.4,-70.48,62.20,4.03
238,cap-aux-meules,1337619,75,CA,1592239502,54,47.38,-61.86,53.60,5.82
239,iqaluit,1337619,75,CA,1592239782,69,63.75,-68.51,39.20,18.34
240,ulladulla,1337619,0,AU,1592239782,71,-35.35,150.47,57.99,13.87
241,bastia,1337619,2,FR,1592239782,60,42.67,9.33,75.20,3.36
242,humaita,1337619,20,BR,1592239782,42,-7.51,-63.02,93.25,3.85
243,scarborough,1337619,69,GB,1592239718,84,54.28,-0.4,63.00,1.01
244,damara,1337619,20,CF,1592239783,88,4.96,18.7,78.80,3.65
245,tongliao,1337619,4,CN,1592239783,54,43.61,122.27,65.79,7.58
246,myitkyina,1337619,92,MM,1592239783,92,25.38,97.4,76.86,1.45
247,pontes e lacerda,1337619,9,BR,1592239784,41,-15.23,-59.34,88.52,4.74
248,anloga,1337619,40,GH,1592239784,78,5.79,0.9,82.40,9.17
249,tambovka,1337619,20,RU,1592239784,93,50.1,128.05,57.20,6.71
250,bathsheba,1337619,20,BB,1592239678,58,13.22,-59.52,87.80,23.04
251,butajira,1337619,55,ET,1592239785,74,8.12,38.37,63.50,4.18
252,litovko,1337619,100,RU,1592239785,94,49.24,135.17,50.29,8.21
253,batemans bay,1337619,0,AU,1592239785,91,-35.72,150.18,52.00,3.00
254,kathmandu,1337619,75,NP,1592239694,100,27.72,85.32,71.60,2.24
255,sorland,1337619,26,NO,1592239786,76,67.67,12.69,50.00,14.99
256,milkovo,1337619,27,RU,1592239786,77,54.72,158.62,44.22,2.35
257,saskylakh,1337619,70,RU,1592239787,74,71.92,114.08,53.28,10.54
258,mogadishu,1337619,81,SO,1592239787,79,2.04,45.34,79.36,20.62
259,dera bugti,1337619,0,PK,1592239787,8,29.03,69.15,99.66,5.35
260,tomatlan,1337619,0,MX,1592239563,47,19.93,-105.25,90.12,5.88
261,keetmanshoop,1337619,0,NA,1592239788,29,-26.58,18.13,56.61,8.19
262,mutis,1337619,87,CO,1592239788,73,6.23,-77.4,84.33,4.85
263,puerto narino,1337619,90,CO,1592239788,94,-3.77,-70.38,78.80,2.24
264,megion,1337619,34,RU,1592239789,66,61.03,76.11,50.00,4.47
265,sorong,1337619,29,ID,1592239679,79,-0.88,131.25,80.71,4.07
266,boa vista,1337619,75,BR,1592239502,88,2.82,-60.67,77.00,9.17
267,santa ana,1337619,75,US,1592239560,64,33.75,-117.87,72.00,4.70
268,sampit,1337619,75,ID,1592239773,95,-2.53,112.95,75.76,2.71
269,general roca,1337619,91,AR,1592239790,60,-39.03,-67.58,42.80,5.82
270,geraldton,1337619,0,AU,1592239790,87,-28.77,114.6,50.00,1.12
271,minnedosa,1337619,75,CA,1592239790,60,50.25,-99.84,73.40,21.92
272,vestmanna,1337619,77,FO,1592239790,87,62.16,-7.17,53.60,9.17
273,rovaniemi,1337619,88,FI,1592239791,87,66.5,25.72,57.20,6.93
274,coihaique,1337619,75,CL,1592239582,78,-45.58,-72.07,32.00,2.98
275,smidovich,1337619,100,RU,1592239791,92,48.6,133.82,50.85,7.18
276,beringovskiy,1337619,91,RU,1592239791,89,63.05,179.32,41.14,5.14
277,padang,1337619,99,ID,1592239792,81,-0.95,100.35,79.07,5.01
278,pozo colorado,1337619,0,PY,1592239792,54,-23.49,-58.8,80.47,7.83
279,qaqortoq,1337619,75,GL,1592239792,52,60.72,-46.03,44.60,8.05
280,pouebo,1337619,4,NC,1592239793,85,-20.4,164.57,70.09,13.44
281,walvis bay,1337619,0,NA,1592239793,15,-22.96,14.51,80.60,11.41
282,benjamin hill,1337619,0,MX,1592239793,45,30.17,-111.1,91.99,1.99
283,ovre ardal,1337619,97,NO,1592239794,40,61.32,7.8,73.40,6.93
284,karratha,1337619,0,AU,1592239794,37,-20.74,116.85,71.87,14.29
285,havoysund,1337619,75,NO,1592239794,86,71.0,24.66,41.00,23.04
286,alofi,1337619,42,NU,1592239794,77,-19.06,-169.92,74.08,29.66
287,niquelandia,1337619,0,BR,1592239795,33,-14.47,-48.46,82.98,10.63
288,zabid,1337619,96,YE,1592239795,41,14.2,43.32,93.79,10.67
289,andenes,1337619,75,NO,1592239795,70,69.31,16.12,46.40,12.75
290,souillac,1337619,75,MU,1592239796,68,-20.52,57.52,71.60,13.87
291,banda aceh,1337619,100,ID,1592239796,79,5.56,95.32,79.77,8.93
292,bocana de paiwas,1337619,69,NI,1592239796,81,12.79,-85.12,82.69,9.35
293,kumba,1337619,65,CM,1592239796,90,4.64,9.45,78.24,3.38
294,caimito,1337619,90,CO,1592239797,100,8.81,-75.41,73.40,3.36
295,komsomolskiy,1337619,3,UZ,1592239689,24,40.43,71.72,82.40,6.93
296,provideniya,1337619,77,RU,1592239797,55,64.38,-173.3,55.18,3.65
297,nemuro,1337619,98,JP,1592239797,97,43.32,145.57,52.97,12.46
298,mehamn,1337619,75,NO,1592239654,86,71.04,27.85,41.00,21.94
299,urengoy,1337619,41,RU,1592239798,60,65.97,78.37,47.53,5.95
300,chumikan,1337619,100,RU,1592239798,96,54.72,135.31,36.84,10.63
301,ler,1337619,26,SS,1592239798,65,8.3,30.14,80.06,2.75
302,jati,1337619,88,PK,1592239799,76,24.35,68.27,86.14,17.98
303,coquimbo,1337619,90,CL,1592239710,76,-29.95,-71.34,57.20,5.82
304,gillette,1337619,1,US,1592239799,36,44.29,-105.5,63.00,9.17
305,tilichiki,1337619,85,RU,1592239799,78,60.47,166.1,42.93,1.81
306,luangwa,1337619,0,ZM,1592239799,56,-15.62,30.42,64.72,1.68
307,dakoro,1337619,0,NE,1592239800,18,14.51,6.76,104.52,4.41
308,bahia blanca,1337619,9,AR,1592239601,30,-38.72,-62.27,61.79,11.77
309,flin flon,1337619,75,CA,1592239801,82,54.77,-101.86,66.20,3.36
310,ourinhos,1337619,0,BR,1592239801,63,-22.98,-49.87,75.60,7.87
311,baruun-urt,1337619,0,MN,1592239802,38,46.68,113.28,65.95,3.60
312,harrogate,1337619,93,GB,1592239802,64,53.99,-1.54,72.00,6.93
313,tynda,1337619,65,RU,1592239802,65,55.17,124.72,49.32,4.99
314,tautira,1337619,75,PF,1592239802,83,-17.73,-149.15,75.20,5.82
315,chany,1337619,38,RU,1592239803,85,55.31,76.76,48.16,6.35
316,luderitz,1337619,0,NA,1592239803,25,-26.65,15.16,73.40,16.11
317,rabaul,1337619,100,PG,1592239803,78,-4.2,152.17,80.08,3.40
318,teknaf,1337619,100,BD,1592239803,88,20.86,92.31,81.57,13.29
319,slave lake,1337619,90,CA,1592239804,76,55.28,-114.77,53.60,8.05
320,ushtobe,1337619,62,KZ,1592239804,25,45.25,77.98,79.38,13.51
321,ust-kulom,1337619,71,RU,1592239804,56,61.69,53.69,65.50,6.26
322,hofn,1337619,90,IS,1592239805,93,64.25,-15.21,50.00,14.99
323,san pedro,1337619,90,PH,1592239805,88,14.35,121.02,82.40,3.36
324,sao filipe,1337619,1,CV,1592239805,70,14.9,-24.5,79.39,10.76
325,giyon,1337619,91,ET,1592239806,90,8.53,37.98,59.20,2.89
326,copainala,1337619,75,MX,1592239806,57,17.08,-93.2,80.60,5.82
327,aksu,1337619,99,CN,1592239806,32,41.12,80.26,74.75,16.62
328,mbeya,1337619,3,TZ,1592239806,85,-8.9,33.45,53.44,7.40
329,tokur,1337619,98,RU,1592239807,92,53.13,132.9,40.14,3.65
330,wanxian,1337619,3,CN,1592239807,75,30.8,108.39,81.07,4.27
331,halifax,1337619,94,CA,1592239762,65,44.65,-63.57,69.01,7.02
332,taoudenni,1337619,0,ML,1592239600,7,22.68,-3.98,112.46,20.80
333,hinton,1337619,61,CA,1592239807,37,53.4,-117.59,58.39,10.54
334,sept-iles,1337619,75,CA,1592239798,54,50.2,-66.38,57.99,10.29
335,xicotencatl,1337619,1,MX,1592239808,44,23.02,-98.88,88.00,5.99
336,sangin,1337619,0,AF,1592239808,10,32.07,64.84,92.48,13.40
337,laguna,1337619,5,US,1592239809,53,38.42,-121.42,73.99,6.93
338,naze,1337619,75,JP,1592239661,100,28.37,129.48,78.80,9.17
339,sao raimundo das mangabeiras,1337619,40,BR,1592239809,36,-7.02,-45.48,89.20,10.27
340,una,1337619,100,IN,1592239809,75,20.82,71.03,84.90,4.72
341,durango,1337619,0,MX,1592239729,24,24.83,-104.83,74.16,5.35
342,caravelas,1337619,29,BR,1592239810,66,-17.71,-39.25,79.21,12.82
343,indore,1337619,94,IN,1592239681,67,22.72,75.83,82.62,10.80
344,namibe,1337619,10,AO,1592239611,50,-15.2,12.15,75.70,5.32
345,college,1337619,75,US,1592239810,87,64.86,-147.8,59.00,2.37
346,thabazimbi,1337619,1,ZA,1592239811,39,-24.59,27.41,55.80,4.16
347,mount gambier,1337619,75,AU,1592239811,100,-37.83,140.77,51.80,10.29
348,acari,1337619,53,PE,1592239811,48,-15.43,-74.62,72.39,9.19
349,turinsk,1337619,30,RU,1592239811,72,58.05,63.7,58.64,4.90
350,dukat,1337619,54,RU,1592239812,61,62.55,155.55,52.68,4.50
351,maltahohe,1337619,0,NA,1592239812,32,-24.83,16.98,54.41,10.83
352,mandera,1337619,97,KE,1592239812,41,3.94,41.87,87.46,14.74
353,cuiluan,1337619,26,CN,1592239813,92,47.72,128.65,51.42,2.26
354,ikungi,1337619,47,TZ,1592239813,52,-5.13,34.77,63.77,6.20
355,sinnamary,1337619,91,GF,1592239813,78,5.38,-52.95,82.62,5.32
356,omboue,1337619,61,GA,1592239813,88,-1.57,9.26,75.51,9.91
357,maumere,1337619,48,ID,1592239814,80,-8.62,122.21,78.58,6.46
358,lata,1337619,79,PT,1592239644,66,40.16,-8.33,75.00,10.29
359,santa vitoria do palmar,1337619,99,BR,1592239630,68,-33.52,-53.37,57.56,9.71
360,hasaki,1337619,75,JP,1592239814,88,35.73,140.83,72.00,9.17
361,haines junction,1337619,37,CA,1592239814,57,60.75,-137.51,57.31,1.28
362,sainte-marie,1337619,90,RE,1592239815,68,-20.9,55.55,71.60,19.46
363,kiama,1337619,0,AU,1592239815,69,-34.68,150.87,61.00,17.00
364,las vegas,1337619,1,US,1592239646,14,36.17,-115.14,87.01,3.36
365,bowral,1337619,7,AU,1592239815,66,-34.47,150.42,61.00,11.01
366,maturin,1337619,72,VE,1592239816,57,9.75,-63.18,89.55,7.78
367,sakaiminato,1337619,20,JP,1592239816,68,35.55,133.23,69.80,10.29
368,dongsheng,1337619,73,CN,1592239816,40,39.82,109.98,68.68,16.78
369,guerrero negro,1337619,2,MX,1592239773,62,27.98,-114.06,70.57,14.45
370,doha,1337619,0,QA,1592239659,12,25.29,51.53,105.80,13.87
371,zeven,1337619,20,DE,1592239817,69,53.3,9.28,75.99,10.29
372,virden,1337619,4,US,1592239817,35,39.5,-89.77,75.00,1.99
373,inhambane,1337619,43,MZ,1592239817,73,-23.86,35.38,65.97,6.29
374,aconibe,1337619,94,GQ,1592239817,93,1.3,10.94,73.18,2.17
375,tateyama,1337619,75,JP,1592239818,88,34.98,139.87,75.99,10.29
376,milton,1337619,35,US,1592239519,71,34.13,-84.3,77.00,1.01
377,lorengau,1337619,56,PG,1592239621,78,-2.02,147.27,81.72,6.49
378,palmer,1337619,40,US,1592239818,43,42.16,-72.33,73.99,6.64
379,harper,1337619,100,LR,1592239819,81,4.38,-7.72,79.92,8.57
380,honghu,1337619,86,CN,1592239819,80,29.82,113.46,80.80,7.31
381,almaznyy,1337619,20,RU,1592239819,51,48.04,40.05,80.60,11.18
382,ketchikan,1337619,1,US,1592239819,71,55.34,-131.65,55.40,8.05
383,xiuyan,1337619,0,CN,1592239820,65,40.29,123.27,61.16,3.49
384,krasnyy chikoy,1337619,0,RU,1592239820,52,50.36,108.75,59.22,2.86
385,harrai,1337619,94,IN,1592239820,60,22.62,79.22,85.96,2.98
386,puerto escondido,1337619,5,MX,1592239820,74,15.85,-97.07,86.00,6.93
387,yarensk,1337619,44,RU,1592239821,54,62.17,49.09,67.26,6.49
388,venice,1337619,20,US,1592239544,58,27.1,-82.45,87.80,9.17
389,badhni kalan,1337619,0,IN,1592239821,10,30.68,75.28,100.26,6.24
390,quatre cocos,1337619,75,MU,1592239822,68,-20.21,57.76,71.60,13.87
391,vangaindrano,1337619,88,MG,1592239822,66,-23.35,47.6,67.30,2.82
392,bengkulu,1337619,65,ID,1592239623,81,-3.8,102.27,78.35,4.29
393,san cristobal,1337619,40,VE,1592239822,48,7.77,-72.22,87.80,20.80
394,mikuni,1337619,75,JP,1592239822,77,36.22,136.15,68.00,4.70
395,ancud,1337619,98,CL,1592239823,100,-41.87,-73.82,50.00,6.93
396,mackay,1337619,90,AU,1592239823,94,-21.15,149.2,68.00,6.93
397,zalantun,1337619,10,CN,1592239824,61,48.0,122.72,61.83,4.90
398,rocha,1337619,97,UY,1592239824,68,-34.48,-54.33,54.70,9.04
399,kununurra,1337619,39,AU,1592239824,36,-15.77,128.73,68.00,3.36
400,burns lake,1337619,7,CA,1592239559,39,54.23,-125.75,56.53,5.39
401,nabire,1337619,99,ID,1592239674,89,-3.37,135.48,76.46,2.82
402,salisbury,1337619,40,GB,1592239825,60,51.07,-1.8,71.60,8.05
403,porto novo,1337619,40,BJ,1592239825,79,6.5,2.6,86.00,9.17
404,paita,1337619,17,PE,1592239615,69,-5.09,-81.11,75.20,18.34
405,pierre,1337619,1,US,1592239812,69,44.37,-100.35,75.99,13.87
406,tazovskiy,1337619,62,RU,1592239826,68,67.47,78.7,43.99,8.75
407,namatanai,1337619,100,PG,1592239826,78,-3.67,152.43,79.43,3.11
408,dwarka,1337619,100,IN,1592239826,84,22.24,68.97,86.45,13.80
409,la grande,1337619,90,US,1592239826,87,45.32,-118.09,50.00,3.36
410,mathbaria,1337619,80,BD,1592239827,84,22.29,89.96,83.57,10.51
411,krompachy,1337619,90,SK,1592239827,77,48.91,20.88,66.99,19.46
412,tekeli,1337619,19,KZ,1592239827,43,44.83,78.82,62.28,9.89
413,juliaca,1337619,20,PE,1592239598,43,-15.5,-70.13,55.40,4.70
414,batagay,1337619,74,RU,1592239752,53,67.63,134.63,60.71,7.90
415,mian channun,1337619,0,PK,1592239828,9,30.44,72.35,100.62,5.48
416,port-cartier,1337619,75,CA,1592239828,54,50.03,-66.87,57.99,10.29
417,amalner,1337619,100,IN,1592239828,78,21.05,75.07,82.74,5.86
418,kanigiri,1337619,100,IN,1592239828,49,15.4,79.52,90.68,9.40
419,sabang,1337619,100,ID,1592239829,75,5.89,95.32,82.31,15.21
420,verkhnetulomskiy,1337619,88,RU,1592239829,54,68.61,31.8,53.60,11.18
421,vostok,1337619,96,RU,1592239830,100,46.49,135.88,46.92,1.03
422,te anau,1337619,86,NZ,1592239655,86,-45.42,167.72,51.64,4.92
423,rehoboth,1337619,0,NA,1592239830,31,-23.32,17.08,55.27,8.46
424,yichun,1337619,34,CN,1592239830,97,47.7,128.9,48.69,1.68
425,dormidontovka,1337619,100,RU,1592239831,94,47.77,134.91,50.68,6.64
426,rio de janeiro,1337619,75,BR,1592239831,78,-22.9,-43.21,73.40,3.36
427,kirakira,1337619,20,SB,1592239831,82,-10.45,161.92,79.27,12.46
428,torbay,1337619,90,CA,1592239622,100,47.67,-52.73,48.99,4.70
429,vestmannaeyjar,1337619,75,IS,1592239832,71,63.44,-20.27,50.00,12.75
430,ambulu,1337619,49,ID,1592239832,88,-8.35,113.61,76.10,4.90
431,bilibino,1337619,8,RU,1592239832,56,68.05,166.44,60.22,2.48
432,mabaruma,1337619,85,GY,1592239832,62,8.2,-59.78,87.44,5.70
433,manggar,1337619,48,ID,1592239832,83,-2.88,108.27,82.87,8.93
434,araouane,1337619,0,ML,1592239833,6,18.9,-3.53,113.77,19.62
435,siniscola,1337619,0,IT,1592239833,33,40.57,9.69,77.00,24.16
436,kanniyakumari,1337619,88,IN,1592239833,81,8.08,77.57,82.58,17.56
437,linxia,1337619,100,CN,1592239833,86,35.6,103.21,55.36,4.50
438,iwanai,1337619,89,JP,1592239834,89,42.97,140.51,56.03,1.05
439,misratah,1337619,0,LY,1592239834,71,32.38,15.09,72.19,23.64
440,hurghada,1337619,0,EG,1592239565,29,27.26,33.81,89.60,16.11
441,muli,1337619,86,MV,1592239834,79,2.92,73.57,84.27,14.23
442,pangai,1337619,25,TO,1592239835,73,-19.8,-174.35,74.08,29.48
443,longyearbyen,1337619,75,SJ,1592239835,64,78.22,15.64,37.40,18.34
444,half moon bay,1337619,90,US,1592239835,87,37.46,-122.43,73.00,10.29
445,kasama,1337619,0,ZM,1592239835,60,-10.21,31.18,57.85,5.28
446,klaksvik,1337619,90,FO,1592239835,87,62.23,-6.59,53.60,9.17
447,jumla,1337619,33,NP,1592239836,71,29.27,82.18,60.10,1.95
448,forrest city,1337619,1,US,1592239836,48,35.01,-90.79,84.20,6.93
449,bantou,1337619,5,CN,1592239836,87,26.22,117.49,75.61,2.24
450,ozark,1337619,36,US,1592239837,64,37.02,-93.21,82.99,4.79
451,kavaratti,1337619,100,IN,1592239677,79,10.57,72.64,84.76,19.86
452,banepa,1337619,75,NP,1592239837,100,27.63,85.52,71.60,2.24
453,port augusta,1337619,0,AU,1592239838,76,-32.5,137.77,50.00,9.17
454,auray,1337619,75,FR,1592239838,68,47.67,-2.99,66.20,10.29
455,meulaboh,1337619,100,ID,1592239838,88,4.14,96.13,77.95,5.17
456,katsuura,1337619,75,JP,1592239596,88,35.13,140.3,77.00,5.82
457,yenagoa,1337619,80,NG,1592239839,86,4.92,6.26,80.02,6.76
458,vung tau,1337619,100,VN,1592239690,77,10.35,107.08,82.87,3.65
459,gazojak,1337619,59,TM,1592239643,13,41.19,61.4,94.59,20.62
460,russell,1337619,1,US,1592239839,51,32.35,-85.2,82.99,5.82
461,bairnsdale,1337619,89,AU,1592239840,65,-37.83,147.62,54.72,7.05
462,maniitsoq,1337619,100,GL,1592239840,90,65.42,-52.9,37.11,10.78
463,bisauli,1337619,1,IN,1592239841,31,28.32,78.93,99.12,12.37
464,dunedin,1337619,1,NZ,1592239841,62,-45.87,170.5,54.00,1.01
465,lithakia,1337619,30,GR,1592239841,32,37.72,20.83,84.20,11.41
466,suntar,1337619,92,RU,1592239842,96,62.14,117.63,60.17,4.72
467,pacific grove,1337619,1,US,1592239842,68,36.62,-121.92,64.40,5.82
468,nara,1337619,50,JP,1592239598,74,34.69,135.8,73.00,2.89
469,yumen,1337619,33,CN,1592239842,35,40.28,97.2,69.13,8.21
470,dromolaxia,1337619,2,CY,1592239843,69,34.88,33.59,77.00,13.87
471,kailua,1337619,20,US,1592239843,64,21.4,-157.74,77.00,9.17
472,husavik,1337619,75,IS,1592239843,71,66.04,-17.34,55.40,27.51
473,marsh harbour,1337619,100,BS,1592239843,74,26.54,-77.06,79.84,12.39
474,puri,1337619,20,IN,1592239844,94,19.8,85.85,82.40,4.70
475,umea,1337619,100,SE,1592239596,49,63.83,20.26,73.40,4.70
476,cayenne,1337619,94,GF,1592239667,94,4.93,-52.33,80.60,9.17
477,houston,1337619,40,US,1592239686,55,29.76,-95.36,91.00,10.29
478,manta,1337619,90,EC,1592239840,88,-0.95,-80.73,75.20,9.17
479,kathu,1337619,40,TH,1592239846,94,7.92,98.33,77.00,2.24
480,ambanja,1337619,91,MG,1592239846,75,-13.68,48.45,75.13,2.71
481,kutum,1337619,50,SD,1592239846,19,14.2,24.67,88.52,10.16
482,mareeba,1337619,75,AU,1592239803,94,-17.0,145.43,71.60,10.29
483,mbini,1337619,40,GQ,1592239846,83,1.57,9.61,82.40,9.17
484,acajutla,1337619,12,SV,1592239817,81,13.59,-89.83,79.00,6.67
485,birao,1337619,82,CF,1592239847,57,10.28,22.79,82.51,4.18
486,kontagora,1337619,35,NG,1592239847,59,10.4,5.47,88.66,3.80
487,farah,1337619,0,AF,1592239848,11,32.5,62.5,89.35,7.78
488,romny,1337619,46,UA,1592239848,87,50.75,33.47,71.82,10.16
489,jawhar,1337619,57,SO,1592239587,77,2.78,45.5,77.34,15.03
490,severnyy-kospashskiy,1337619,36,RU,1592239848,35,59.09,57.8,62.01,4.59
491,abu zabad,1337619,24,SD,1592239848,40,12.35,29.25,90.07,7.92
492,starogard gdanski,1337619,42,PL,1592239849,100,53.96,18.53,64.00,1.66
493,belmonte,1337619,75,BR,1592239849,83,-15.86,-38.88,73.40,10.29
494,kargil,1337619,70,IN,1592239849,46,34.57,76.1,51.19,5.17
495,beloha,1337619,4,MG,1592239849,91,-25.17,45.05,63.25,9.60
496,parfino,1337619,84,RU,1592239850,77,57.97,31.65,71.35,4.65
497,avera,1337619,75,US,1592239850,64,33.19,-82.53,75.20,10.29
498,adrar,1337619,0,MR,1592239850,9,20.5,-10.07,108.81,18.81
499,dolores,1337619,88,AR,1592239850,44,-36.31,-57.68,57.38,10.09
500,buchanan,1337619,75,LR,1592239851,83,5.88,-10.05,82.40,5.82
501,dunhua,1337619,33,CN,1592239851,89,43.37,128.24,54.09,8.57
502,lixourion,1337619,1,GR,1592239851,32,38.2,20.43,84.20,11.41
503,waingapu,1337619,48,ID,1592239851,82,-9.66,120.26,75.79,9.57
504,qom,1337619,0,IR,1592239851,11,34.64,50.88,91.35,13.02
505,neyvo-shaytanskiy,1337619,37,RU,1592239852,66,57.73,61.25,58.24,2.64
506,acarau,1337619,11,BR,1592239852,67,-2.89,-40.12,85.75,9.69
507,wichita falls,1337619,1,US,1592239677,38,33.91,-98.49,89.60,5.82
508,conceicao do araguaia,1337619,27,BR,1592239852,46,-8.26,-49.26,91.40,9.17
509,rabat,1337619,0,MA,1592239853,53,33.99,-6.84,73.40,14.99
510,katherine,1337619,0,AU,1592239559,49,-14.47,132.27,71.60,9.17
511,podosinovets,1337619,33,RU,1592239853,71,60.28,47.07,64.11,6.04
512,winnemucca,1337619,1,US,1592239620,34,40.97,-117.74,64.40,4.70
513,linjiang,1337619,13,CN,1592239854,87,41.81,126.91,52.48,1.72
514,san quintin,1337619,89,MX,1592239767,66,30.48,-115.95,66.63,6.13
515,beeville,1337619,75,US,1592239854,66,28.4,-97.75,87.80,9.17
516,middelburg,1337619,0,ZA,1592239855,44,-25.78,29.46,46.58,1.34
517,port macquarie,1337619,0,AU,1592239624,93,-31.43,152.92,46.00,4.43
518,pemberton,1337619,90,CA,1592239777,76,50.32,-122.8,48.20,2.24
519,jalu,1337619,0,LY,1592239856,13,29.03,21.55,100.99,16.15
520,uden,1337619,90,NL,1592239856,56,51.66,5.61,75.00,4.70
521,jennings,1337619,40,US,1592239857,36,38.72,-90.26,80.01,8.05
522,fairbanks,1337619,40,US,1592239833,82,64.84,-147.72,59.00,2.15
523,sungai padi,1337619,20,TH,1592239857,94,6.09,101.88,78.80,3.36
524,mastic beach,1337619,1,US,1592239596,56,40.77,-72.85,70.00,6.93
525,el pueblito,1337619,5,MX,1592239859,48,20.53,-100.45,64.40,10.29
526,oistins,1337619,20,BB,1592239721,58,13.07,-59.53,87.80,23.04
527,olafsvik,1337619,99,IS,1592239617,72,64.89,-23.71,45.95,14.94
528,yatou,1337619,80,CN,1592239859,49,37.15,122.38,69.46,4.50
529,coos bay,1337619,90,US,1592239860,93,43.37,-124.22,57.99,6.93
530,santa ines,1337619,72,BR,1592239860,67,-3.67,-45.38,86.61,6.69
531,carutapera,1337619,95,BR,1592239860,81,-1.2,-46.02,82.90,6.93
532,shingu,1337619,100,JP,1592239860,81,33.73,135.98,69.53,4.97
533,roma,1337619,20,US,1592239861,42,43.21,-75.46,70.00,4.70
534,patacamaya,1337619,28,BO,1592239861,39,-17.23,-67.92,55.80,2.86
535,tucumcari,1337619,1,US,1592239657,23,35.17,-103.72,84.20,24.16
536,eureka,1337619,92,US,1592239624,100,40.8,-124.16,60.01,1.99
537,mangan,1337619,100,IN,1592239862,55,27.52,88.53,77.04,0.98
538,atar,1337619,0,MR,1592239862,9,20.52,-13.05,111.09,20.33
539,isangel,1337619,8,VU,1592239862,78,-19.55,169.27,73.13,17.81
540,ubauro,1337619,0,PK,1592239862,8,28.17,69.73,107.13,10.96
541,valparaiso,1337619,90,CL,1592239863,100,-33.04,-71.63,51.80,23.04
542,hellvik,1337619,11,NO,1592239863,49,59.92,5.78,72.00,11.41
543,challans,1337619,24,FR,1592239863,80,46.84,-1.87,64.00,4.00
544,nelson bay,1337619,0,AU,1592239863,87,-32.72,152.15,50.00,8.05
545,borogontsy,1337619,44,RU,1592239863,79,62.67,131.17,52.93,5.12
546,carbonia,1337619,5,IT,1592239864,41,39.17,8.52,80.60,18.34
547,tiarei,1337619,75,PF,1592239864,83,-17.53,-149.33,75.20,5.82
548,bryan,1337619,40,US,1592239864,58,30.67,-96.37,90.00,6.93
549,nyagan,1337619,83,RU,1592239864,56,62.14,65.39,61.50,4.43
550,sunrise manor,1337619,1,US,1592239865,12,36.21,-115.07,88.00,1.12
551,hay river,1337619,75,CA,1592239650,93,60.82,-115.8,41.00,8.05
552,lagos,1337619,40,NG,1592239615,79,6.58,3.75,86.00,10.29
553,verkhniye kigi,1337619,0,RU,1592239865,81,55.41,58.6,56.10,3.33
554,grand-santi,1337619,98,GF,1592239812,50,4.25,-54.38,92.53,2.01
555,port blair,1337619,100,IN,1592239859,82,11.67,92.75,82.89,15.86
556,sulangan,1337619,100,PH,1592239866,78,11.14,123.72,83.59,11.14
557,la colmena,1337619,0,PY,1592239866,68,-25.88,-56.82,78.48,7.23
558,korla,1337619,0,CN,1592239866,45,41.76,86.15,73.99,1.99
559,tabuk,1337619,66,PH,1592239867,87,17.42,121.44,75.24,2.13
560,pochutla,1337619,5,MX,1592239867,55,15.74,-96.47,90.00,5.70
561,ambon,1337619,61,ID,1592239867,96,-3.7,128.18,82.00,7.85
562,lasa,1337619,75,IT,1592239834,62,46.62,10.7,61.00,9.17
563,qiyang,1337619,46,CN,1592239868,85,26.59,111.85,78.06,4.52
564,nuuk,1337619,90,GL,1592239868,86,64.18,-51.72,37.40,3.36
565,north branch,1337619,100,US,1592239868,57,45.51,-92.98,72.00,10.00
566,am timan,1337619,86,TD,1592239868,35,11.03,20.28,93.88,7.25
567,sovik,1337619,75,NO,1592239869,93,65.93,12.47,57.20,4.70
568,bay roberts,1337619,90,CA,1592239869,93,47.6,-53.26,48.20,5.82
569,dzilam gonzalez,1337619,0,MX,1592239869,69,21.28,-88.93,89.01,4.38
570,mulatupo,1337619,100,PA,1592239869,71,8.95,-77.77,84.87,3.40
571,yetkul,1337619,30,RU,1592239870,48,54.82,61.59,64.40,6.71
572,la ronge,1337619,40,CA,1592239870,60,55.1,-105.28,68.00,10.29
573,ugoofaaru,1337619,19,MV,1592239870,79,5.67,73.0,84.65,16.11
